Team,Conf,W-L,&Delta;,CMP,Sort,ISR,JJK,JNG,JTR,KAM,KEE,KFD,KLK,KNT,KPK,KRA,LAB,LAW,LAZ,LOG,LSD,MAS,MAU,MB,MCK,MDS,MJS,MOR,MRK,MvG,OSC,PAY,PFZ,PGH,PIR,PPP,RDT,REW,RME,RMS,RT,RTH,RTP,RWP,S&P,SAG,SEL,SFX,SMS,SOR,STH,STY,TPR,TRP,TSS,USA,VRN,WED,WEL,WIL,WLK,WMV,WOB,WOL,WWP,AND,AP,ARG,ATC,BAS,BBT,BCM,BEG,BIH,BIL,BMC,BRN,BRS,BSS,BWE,CFP,CFR,CGV,CHM,COF,COL,CQI,CTW,DCI,DES,DII,DOK,DOL,DUN,DWI,ENG,ESR,FAS,FEI,FMG,FPI,GLD,HAT,HEN,HKB,HOW,HRV
Georgia,SEC,13-0,,1,>>,1,1,1,1,1,1,1,1,1,1,1,1,1,1,1,1,1,1,2,1,1,1,1,1,1,1,1,1,1,1,1,1,1,1,1,1,1,1,1,1,1,1,2,1,1,1,1,1,1,1,1,1,1,1,1,1,1,1,1,1,1,1,1,2,1,1,1,1,1,1,1,2,1,1,1,1,1,2,1,1,1,1,1,1,1,2,1,1,1,1,1,1,1,1,1,1,1,1,1,1,1,1
Michigan,B10,13-0,,2,>>,3,2,2,2,3,2,4,2,2,2,2,2,2,2,2,2,2,2,1,2,2,2,2,2,3,2,2,2,2,2,2,2,2,2,2,2,2,2,2,2,4,2,1,2,2,2,2,3,4,2,2,2,4,2,2,2,2,2,2,6,2,2,2,1,3,2,3,2,2,2,3,1,3,3,4,2,2,1,2,2,2,2,2,2,2,1,5,2,4,2,2,2,2,2,2,4,2,3,2,2,2,3
Ohio St,B10,11-1,,3,>>,8,4,4,3,4,4,2,4,4,5,3,3,4,3,3,4,3,3,4,4,3,4,4,3,7,3,3,3,5,3,4,4,4,3,3,3,3,3,3,3,2,3,2,3,5,3,6,4,2,4,3,4,3,4,3,3,4,5,3,10,4,4,3,3,2,3,2,3,4,4,4,4,2,4,3,4,5,3,4,3,4,3,3,4,4,3,2,4,2,4,4,4,3,3,5,3,3,6,3,3,3,2
TCU,B12,12-1,,4,>>,2,3,3,4,11,3,9,8,3,4,4,4,10,4,5,3,5,5,3,3,12,3,10,4,2,6,4,11,3,7,3,3,3,7,4,6,5,4,4,6,10,5,9,6,3,5,3,9,10,3,4,3,10,3,5,4,6,3,5,2,3,3,4,11,10,5,6,4,3,3,9,8,9,2,8,3,3,4,5,4,3,4,8,12,3,6,9,3,6,3,5,3,4,10,3,10,4,2,4,5,4,8
Alabama,SEC,10-2,,5,>>,6,9,10,5,2,7,3,3,8,6,7,5,3,6,7,6,4,4,7,6,8,7,5,7,4,5,6,4,6,4,8,6,6,6,7,5,6,5,5,4,3,6,4,4,6,4,5,2,3,6,5,6,2,6,6,5,5,6,6,7,5,5,5,17,4,4,8,8,6,6,5,10,5,8,2,5,7,5,6,5,8,6,7,3,6,4,3,5,3,6,3,5,6,5,4,2,7,5,7,4,6,4
Tennessee,SEC,10-2,,6,>>,5,6,9,6,5,6,5,5,6,3,5,7,5,5,8,8,7,6,5,5,5,6,3,5,6,4,5,6,4,6,7,5,5,8,5,4,4,6,7,5,5,4,5,5,4,6,4,5,5,5,6,5,11,5,4,7,3,4,4,4,6,6,6,16,5,6,4,7,5,5,2,3,4,9,5,6,6,6,3,6,6,5,16,6,7,5,4,6,5,5,6,6,5,4,6,5,5,8,5,6,5,5
Kansas St,B12,10-3,+2,7,>>,7,10,7,7,10,5,10,7,9,7,9,9,7,7,6,5,8,8,8,10,9,10,9,10,5,7,7,12,8,9,6,9,8,12,8,7,8,10,8,8,9,8,9,7,7,8,7,10,8,9,9,11,20,10,8,6,7,7,7,5,8,11,7,7,9,10,9,5,7,8,6,6,8,6,9,9,4,10,12,7,9,8,4,7,10,10,10,7,8,7,8,9,8,7,7,11,10,4,10,8,7,10
Penn St,B10,10-2,,8,>>,14,7,11,8,6,8,7,6,11,11,6,12,8,10,9,7,6,7,9,16,6,9,8,6,13,8,8,5,11,5,10,8,16,4,6,8,7,7,6,9,7,7,5,9,10,9,11,11,7,10,7,10,9,9,10,10,8,10,8,18,9,9,8,4,7,7,5,6,9,12,7,5,6,10,6,11,11,8,10,10,10,7,5,5,5,7,7,8,7,9,9,7,7,9,10,8,6,12,8,7,8,6
Utah,P12,10-3,+3,9,>>,11,13,8,12,8,11,8,9,10,8,12,10,9,8,10,15,10,9,14,7,10,14,7,17,11,10,10,7,9,8,11,7,9,24,10,10,9,11,9,10,6,9,7,8,8,11,8,8,9,12,10,16,13,13,11,9,9,12,10,12,12,7,10,9,8,8,10,11,11,9,10,9,10,11,10,8,8,9,11,9,11,12,6,9,8,8,8,13,10,12,14,15,10,8,9,7,13,11,11,11,11,9
Clemson,ACC,11-2,+1,10,>>,10,8,5,11,7,12,11,13,7,14,10,6,14,11,12,10,11,10,13,8,7,8,12,9,9,11,12,13,12,10,5,10,10,13,13,12,14,9,12,11,11,12,11,11,12,12,13,7,11,7,11,8,5,8,13,12,12,9,9,3,10,10,11,15,12,9,13,10,10,7,12,14,12,5,11,7,10,7,8,11,7,11,12,10,11,13,11,12,9,8,11,11,12,19,11,9,9,7,9,13,10,11
USC,P12,11-2,-4,11,>>,4,5,6,10,19,10,14,11,5,9,8,8,15,9,14,9,12,12,6,9,11,5,18,8,8,13,11,15,7,23,9,11,7,5,9,11,10,8,11,13,14,10,24,12,9,10,9,20,14,8,8,7,14,7,7,13,10,8,11,8,7,8,12,26,14,12,15,12,8,11,15,18,13,7,16,10,9,13,7,8,5,9,14,20,9,11,14,9,13,10,7,8,9,14,8,15,8,9,6,10,9,13
Texas,B12,8-4,-2,12,>>,16,22,20,9,9,9,6,10,15,10,18,11,6,12,4,11,9,11,10,18,4,22,6,18,10,9,9,14,16,11,14,19,20,15,14,9,13,21,10,7,8,14,8,10,13,7,10,6,6,21,21,17,7,20,18,8,11,17,19,13,11,21,9,13,6,11,7,9,14,16,8,7,7,18,7,20,12,18,14,12,18,10,18,8,15,9,6,11,11,16,10,19,11,6,14,6,14,10,16,9,13,7
Oregon,P12,9-3,+1,13,>>,9,16,13,13,17,13,15,15,16,12,11,17,18,13,13,13,14,13,12,12,17,15,14,14,12,15,13,19,10,14,15,15,13,17,11,13,11,14,13,12,12,13,14,13,11,13,12,14,15,11,14,14,12,14,9,11,13,11,12,19,14,15,15,20,16,14,17,14,12,17,16,13,14,15,14,15,16,14,17,14,12,15,19,18,19,12,15,14,12,14,13,14,13,13,12,14,15,15,13,14,16,12
LSU,SEC,9-4,-1,14,>>,15,21,14,16,15,14,13,12,13,16,13,15,16,16,16,12,13,18,11,15,18,20,16,19,16,14,16,16,15,13,18,17,18,16,12,15,12,17,15,18,18,11,17,16,14,15,16,12,13,18,15,12,8,17,11,16,15,13,15,9,13,16,16,25,15,18,12,17,13,14,14,21,15,12,12,17,18,26,9,15,17,14,26,17,13,14,13,10,14,17,16,10,15,12,16,13,18,16,17,12,15,14
Florida St,ACC,9-3,,15,>>,20,18,15,14,13,18,12,18,19,17,19,18,13,18,11,18,17,14,19,13,16,17,11,20,19,12,14,10,19,12,13,14,17,11,19,14,18,13,17,26,15,16,12,14,17,18,17,16,12,14,13,15,6,16,20,14,14,18,18,11,16,13,13,10,13,15,11,13,18,27,11,12,11,17,13,13,17,11,13,13,20,16,9,11,28,16,12,19,23,15,17,18,14,11,21,12,19,13,12,15,14,15
Washington,P12,10-2,,16,>>,13,15,12,17,26,17,23,17,20,15,14,19,23,14,24,17,15,16,15,11,32,13,17,21,17,17,17,20,14,20,17,12,11,23,15,19,16,12,18,17,13,17,17,17,15,16,14,31,23,15,12,18,15,15,15,17,16,15,13,23,15,12,17,18,20,17,24,22,15,10,17,15,17,14,18,12,14,12,16,16,13,17,13,13,12,18,22,16,27,11,15,13,16,20,15,22,22,17,15,17,18,23
Oregon St,P12,9-3,,17,>>,12,17,16,18,18,15,24,14,17,13,15,21,17,15,19,19,19,17,18,14,22,18,21,15,15,19,18,17,13,19,19,16,15,20,16,16,15,16,16,22,16,15,21,15,16,14,15,37,25,16,16,20,44,18,14,15,17,16,16,26,19,17,18,22,23,16,16,20,17,15,18,16,18,13,26,14,15,16,20,18,15,18,15,15,21,17,26,17,26,13,12,17,17,21,13,23,20,18,14,19,19,17
Tulane,AAC,11-2,+2,18,>>,21,11,18,15,46,16,28,22,12,20,16,13,19,17,15,16,25,15,16,21,14,12,20,11,14,18,15,22,21,39,12,13,12,21,20,17,22,15,14,23,31,21,29,22,20,19,20,25,27,13,17,9,21,12,23,19,19,14,14,15,17,14,14,6,47,13,19,15,16,13,20,26,19,16,22,16,13,15,23,17,14,13,10,22,16,23,31,15,37,24,18,12,20,22,20,26,12,14,20,18,12,34
Mississippi St,SEC,8-4,-1,19,>>,18,23,25,19,21,19,16,20,25,18,20,20,20,19,21,22,16,19,17,19,20,23,29,22,22,16,19,18,17,18,21,24,23,9,17,18,17,24,20,19,21,18,21,18,19,17,18,23,16,20,23,19,18,22,17,18,18,19,22,22,18,24,20,36,26,24,18,16,19,21,19,22,24,21,19,22,20,22,19,19,22,19,25,24,18,15,16,18,19,19,20,16,19,15,19,18,24,19,23,16,22,19
Notre Dame,FBSI,8-4,-1,20,>>,24,24,19,21,14,24,18,25,24,22,24,23,21,23,23,20,18,22,27,22,13,24,25,27,23,21,22,37,23,16,22,20,22,25,26,20,25,22,23,35,17,26,12,19,22,23,21,13,17,28,20,22,19,24,25,23,22,24,24,16,25,19,22,14,11,19,25,19,24,18,21,17,21,23,15,21,24,21,22,23,24,23,17,14,17,20,19,33,18,23,23,25,22,24,22,17,21,21,19,24,23,20
UCLA,P12,9-3,,21,>>,17,20,17,20,22,23,29,21,21,19,17,14,31,20,27,21,32,21,21,17,28,19,43,23,18,25,20,26,18,32,20,18,14,10,18,21,19,18,21,21,25,19,29,23,18,21,19,26,32,19,18,23,23,21,19,21,20,20,20,20,22,18,24,38,34,21,29,25,20,24,33,28,26,24,34,18,21,23,18,20,19,24,32,32,14,22,29,23,17,18,21,23,18,27,17,29,23,22,18,22,20,25
Mississippi,SEC,8-4,,22,>>,19,28,35,22,20,21,17,19,26,21,23,16,24,21,26,23,24,23,23,20,21,26,23,28,21,22,21,30,22,26,24,--,24,18,22,22,21,31,22,14,22,20,24,20,21,20,22,22,19,23,--,24,16,25,21,24,21,23,23,21,20,--,23,69,22,27,21,21,22,23,26,32,27,25,24,--,22,30,24,21,23,22,40,25,25,21,17,24,16,30,19,24,21,18,18,16,27,20,24,20,24,16
South Carolina,SEC,8-4,,23,>>,23,27,21,26,43,26,44,33,23,23,21,24,38,34,37,24,31,24,20,29,38,27,30,34,25,26,25,66,20,36,27,21,21,26,21,26,20,23,26,25,37,22,38,24,25,30,24,27,36,25,19,25,34,26,16,29,23,22,21,14,23,20,33,29,45,31,41,29,21,20,27,29,34,22,30,19,19,33,15,27,25,25,11,16,20,24,45,20,30,20,28,20,25,34,25,50,26,26,29,25,27,39
Illinois,B10,8-4,,24,>>,37,37,28,25,12,20,20,16,39,25,45,25,11,22,22,32,28,20,31,48,33,37,13,41,38,20,30,8,36,17,41,--,41,46,38,30,35,37,19,15,24,27,16,21,24,22,27,29,22,32,--,44,17,42,45,20,26,41,50,44,32,--,21,32,18,23,14,26,42,46,13,11,16,28,21,--,36,27,39,29,36,26,28,23,22,30,20,28,25,26,22,32,30,17,23,20,49,41,22,21,26,18
Texas Tech,B12,7-5,,25,>>,29,40,33,30,33,22,30,29,38,24,29,45,30,32,25,26,27,40,22,25,65,36,22,46,24,23,24,33,26,35,26,--,28,41,24,28,26,42,32,41,27,25,21,27,28,33,23,32,26,38,--,33,49,35,26,27,25,28,29,29,24,--,29,59,36,53,23,30,25,28,28,25,28,32,35,--,26,46,25,24,31,27,22,19,55,36,37,21,29,27,29,26,26,36,29,32,41,27,37,23,30,31
Troy,SBC,11-2,+7,26,>>,22,12,27,23,63,41,64,38,14,30,22,22,43,25,41,14,49,27,37,57,29,11,32,16,20,35,23,59,25,67,16,22,19,32,36,23,46,20,33,37,56,40,62,40,30,46,28,62,67,17,24,13,27,11,29,54,24,21,17,17,21,23,19,5,71,22,58,39,23,22,53,51,50,20,50,24,23,20,45,22,16,21,24,42,30,56,64,25,56,21,34,22,23,56,24,63,11,23,30,42,17,59
Louisville,ACC,7-5,,27,>>,35,38,22,24,38,33,25,31,36,31,33,34,22,27,20,30,37,25,43,27,15,40,36,49,32,27,27,28,34,28,28,--,40,38,34,24,32,41,30,38,32,29,33,26,27,27,29,33,24,42,--,38,36,36,33,26,28,35,33,30,33,--,27,19,27,26,28,18,32,50,24,36,23,33,27,--,27,40,32,25,35,33,27,31,65,32,27,44,45,33,24,38,27,26,33,25,35,25,31,32,32,29
Kentucky,SEC,7-5,,28,>>,27,39,34,32,35,37,36,30,33,27,25,30,39,31,39,35,30,32,32,26,23,38,26,39,34,32,33,45,24,34,33,--,32,14,23,27,23,38,28,24,29,23,42,32,23,26,25,18,35,34,--,29,31,32,22,30,27,27,27,28,29,--,37,48,33,33,39,27,27,41,35,30,43,35,28,--,32,45,36,39,32,41,37,30,37,25,34,34,28,34,27,34,32,31,26,40,37,29,40,28,35,38
UT San Antonio,CUSA,11-2,+7,29,>>,25,14,38,27,53,31,56,44,18,29,26,35,56,24,40,25,52,33,26,59,30,16,38,12,27,30,26,38,29,61,25,23,26,34,49,25,52,19,34,46,57,49,52,39,43,43,30,60,56,22,22,21,25,19,45,49,29,25,25,25,27,22,28,8,58,25,46,49,26,19,47,43,46,26,52,25,34,17,48,28,21,20,23,47,23,46,54,26,47,25,26,21,24,52,28,54,17,37,41,43,21,54
Cincinnati,AAC,9-3,,30,>>,34,25,46,34,42,30,38,39,34,35,32,39,37,28,35,43,34,26,42,44,24,28,28,24,28,33,31,40,37,42,36,--,29,37,43,36,45,32,29,27,41,46,29,42,45,38,36,28,44,29,--,31,30,30,44,41,35,31,31,43,38,--,32,27,30,29,47,45,30,25,44,39,41,27,38,--,39,19,42,33,29,31,21,40,24,33,39,32,21,42,37,35,33,45,34,34,34,31,39,37,29,43
Minnesota,B10,8-4,,31,>>,59,47,41,35,16,38,19,23,54,37,54,49,12,26,31,36,20,29,36,52,46,45,19,40,57,24,37,9,52,15,53,--,48,42,47,44,48,49,25,16,23,39,17,25,49,34,40,43,20,45,--,51,26,50,52,34,34,52,54,59,44,--,25,45,25,35,26,38,48,31,23,20,20,41,25,--,45,25,49,37,49,28,20,21,32,29,18,30,22,31,35,36,34,16,41,19,52,55,27,26,34,22
Florida,SEC,6-6,,32,>>,33,54,31,40,32,40,26,26,51,28,30,41,28,43,34,59,33,38,39,28,25,54,34,52,33,29,35,65,28,33,44,--,39,31,25,34,24,55,36,34,26,24,33,33,26,32,31,17,28,46,--,43,43,49,24,28,30,33,32,34,39,--,42,42,38,49,27,35,34,73,22,33,29,49,17,--,31,65,21,42,46,43,55,37,56,19,23,40,40,40,33,43,36,23,31,27,50,39,47,27,36,35
NC State,ACC,8-4,+1,33,>>,30,31,23,37,48,45,42,45,30,38,27,31,50,41,46,27,40,51,34,23,45,29,48,47,26,39,32,35,30,37,23,--,25,27,29,29,36,26,49,48,45,35,42,38,33,51,35,39,39,24,--,27,54,28,28,44,31,26,28,24,26,25,31,56,39,54,55,36,28,32,48,56,48,29,55,23,30,29,35,26,27,34,39,61,29,43,40,41,42,32,55,28,29,53,44,43,32,24,26,41,31,42
UCF,AAC,9-4,-8,34,>>,44,30,30,31,45,32,31,46,29,39,34,27,27,29,30,39,42,30,40,41,31,31,42,30,35,34,29,27,46,51,34,--,30,54,44,33,44,27,31,40,47,48,46,50,44,37,43,36,31,31,--,32,37,31,48,38,33,32,39,38,46,--,30,43,46,28,32,34,33,33,31,61,36,38,33,--,33,34,27,31,33,30,52,66,35,47,32,35,46,54,44,40,31,35,47,31,28,33,32,39,28,44
Pittsburgh,ACC,8-4,,35,>>,31,36,29,41,30,42,35,42,37,34,38,42,49,33,43,47,44,43,45,31,44,34,33,45,39,38,41,31,31,31,35,--,34,50,46,41,39,34,42,42,35,42,24,29,37,40,32,38,38,33,--,41,33,38,36,39,39,34,35,36,35,--,44,31,31,40,44,40,39,35,39,41,52,30,43,--,43,28,43,34,34,47,29,35,26,42,36,45,43,22,32,37,42,44,36,33,44,35,25,44,41,33
Oklahoma,B12,6-6,+1,36,>>,47,60,52,29,29,25,21,28,58,32,51,43,32,36,17,51,22,31,38,35,27,62,35,60,49,37,39,48,47,27,52,--,56,29,37,48,31,69,27,20,19,30,17,31,34,25,38,15,21,61,--,54,24,59,45,22,40,54,51,48,40,--,40,61,17,30,22,23,46,58,29,35,22,57,20,--,40,61,40,43,58,42,34,29,39,26,21,37,34,50,38,46,44,29,35,24,56,44,55,34,47,24
Baylor,B12,6-6,+2,37,>>,53,69,53,38,24,28,22,35,61,33,50,53,26,44,18,60,26,41,35,34,51,65,15,63,46,28,34,41,50,21,49,--,52,57,32,42,33,68,37,30,20,34,14,28,36,29,33,19,18,57,--,57,41,62,40,25,44,51,48,50,47,--,35,68,19,38,20,37,44,34,25,19,25,45,29,--,38,51,37,38,60,39,31,28,42,27,24,42,15,48,47,45,45,33,46,21,62,42,49,35,46,21
Washington St,P12,7-5,+2,38,>>,28,48,42,47,28,39,45,24,44,26,35,51,25,30,51,58,39,37,41,24,49,49,52,35,43,42,47,32,27,45,43,--,44,30,28,39,30,44,40,36,33,28,38,30,29,28,26,51,45,44,--,49,61,47,27,32,32,43,34,51,49,--,48,49,35,50,33,41,38,45,30,27,37,40,37,--,44,52,46,41,38,50,38,45,41,39,43,36,31,36,25,42,46,32,27,46,51,43,34,36,48,37
Arkansas,SEC,6-6,+2,39,>>,38,56,39,39,27,49,32,41,49,36,39,38,35,47,44,46,41,35,44,40,19,55,31,56,30,44,48,61,35,24,39,--,55,45,31,40,28,53,35,29,30,36,24,37,31,24,34,30,33,51,--,48,22,52,31,40,38,42,43,39,42,--,51,53,41,34,37,24,45,51,32,23,32,44,36,--,35,62,26,47,48,58,49,26,38,28,28,47,24,53,40,48,48,25,30,39,48,36,50,40,56,36
Purdue,B10,8-5,-2,40,>>,42,42,36,48,31,27,40,32,35,40,41,37,44,35,54,29,29,55,24,46,55,42,37,38,45,36,44,34,39,29,42,--,47,55,35,45,43,43,39,47,43,38,33,36,41,45,37,42,42,41,--,40,42,43,40,46,46,40,40,42,34,--,38,58,43,55,42,46,36,47,42,34,45,31,46,--,25,38,31,46,45,35,44,39,27,34,38,22,33,28,36,27,43,40,38,37,43,45,35,30,33,30
Oklahoma St,B12,7-5,+1,41,>>,39,50,43,36,34,34,39,48,47,46,37,33,46,46,33,38,23,44,25,38,61,48,46,65,36,41,36,49,38,43,38,--,33,22,27,49,27,57,38,32,34,31,33,47,39,35,45,21,30,49,--,46,80,46,31,36,43,37,37,37,30,--,39,91,24,41,38,32,29,39,54,48,42,37,45,--,29,44,28,36,43,36,51,48,40,41,44,27,20,45,43,31,40,46,42,41,54,38,46,33,43,27
Wake Forest,ACC,7-5,+1,42,>>,45,46,26,33,37,55,34,47,42,49,42,29,41,49,29,42,50,34,49,32,26,44,40,42,41,47,40,42,49,41,32,--,37,35,48,31,37,45,43,44,42,45,42,41,48,44,50,40,37,37,--,42,45,41,39,37,36,38,41,35,43,--,41,47,21,32,40,28,43,52,37,46,30,43,44,--,37,41,29,40,40,46,43,50,31,35,30,54,38,44,65,47,38,39,49,38,40,30,33,45,40,40
Maryland,B10,7-5,+1,43,>>,48,41,49,43,40,36,33,34,43,43,40,36,36,42,47,34,36,39,33,54,39,46,27,31,50,40,42,39,43,30,48,--,49,28,39,43,42,48,41,31,40,41,38,35,46,36,44,44,34,48,--,37,32,44,42,42,37,44,46,47,41,--,43,67,42,45,34,44,41,53,34,31,31,48,47,--,47,42,33,49,44,37,50,41,53,44,33,38,32,41,42,39,37,28,45,30,42,52,38,29,38,32
North Carolina,ACC,9-4,-15,44,>>,26,29,24,45,54,43,47,54,28,45,31,26,68,37,53,33,45,58,30,30,47,30,62,32,31,45,43,64,32,46,30,--,31,53,41,38,47,25,48,52,55,47,57,48,38,50,42,47,52,27,25,30,35,29,33,50,42,29,30,27,28,--,46,52,32,51,59,43,31,44,60,70,59,19,59,--,28,32,30,32,28,38,61,69,33,45,47,43,50,29,39,30,41,63,37,45,36,28,21,49,37,48
South Alabama,SBC,10-2,+1,45,>>,32,19,44,28,70,53,68,58,27,47,28,28,59,39,42,28,63,36,53,69,40,21,45,13,29,50,28,36,40,80,29,25,27,19,51,32,54,30,46,33,70,51,66,54,50,47,48,67,68,26,--,26,58,23,51,55,41,30,26,31,31,--,26,23,64,20,61,51,35,26,63,63,55,36,72,--,54,24,47,30,26,29,33,67,73,58,67,39,54,38,30,29,28,61,40,69,25,34,28,53,25,63
Iowa,B10,7-5,-1,46,>>,51,55,37,51,25,29,37,27,57,42,57,54,29,38,49,49,20,28,29,49,50,56,39,66,58,31,53,43,41,22,59,--,53,72,40,56,38,47,24,28,28,33,29,34,32,31,39,34,40,53,--,59,55,58,49,35,50,57,53,60,50,--,53,33,37,43,36,42,51,62,36,24,35,34,23,--,49,39,60,52,55,45,42,27,44,31,35,29,35,35,31,33,54,30,32,35,68,56,43,31,55,28
Syracuse,ACC,7-5,+1,47,>>,50,44,32,44,51,60,48,51,40,52,36,32,52,55,48,48,54,52,46,33,43,43,54,44,42,49,45,47,44,52,31,--,38,40,42,37,40,46,52,63,63,43,62,52,47,56,54,52,46,35,--,36,46,40,36,47,45,39,38,32,37,--,36,83,52,57,52,33,40,55,55,71,54,42,65,--,42,47,44,44,37,40,53,70,36,50,49,46,52,46,54,44,39,48,53,48,38,32,42,50,42,50
Kansas,B12,6-6,+1,48,>>,41,63,54,46,60,35,50,37,56,44,47,44,40,51,28,52,53,48,28,36,52,59,47,68,44,46,46,53,45,60,45,--,54,33,30,52,34,62,44,60,54,32,66,46,35,42,46,57,47,54,--,55,60,56,35,31,47,45,45,46,36,--,47,94,55,56,35,31,37,43,46,59,39,47,64,--,41,68,38,45,52,44,58,73,48,49,53,31,53,55,48,41,47,47,43,57,59,40,53,38,50,51
Missouri,SEC,6-6,+2,49,>>,40,66,48,52,55,48,53,43,60,41,44,59,48,53,52,61,51,46,47,39,42,61,55,62,61,52,50,60,33,50,56,--,50,36,33,55,29,56,45,45,51,37,57,44,40,39,41,41,57,55,--,50,56,54,30,43,49,46,44,41,48,--,58,40,49,52,50,48,47,48,41,49,47,58,40,--,46,67,34,56,53,55,56,33,95,37,51,51,59,39,41,51,51,38,39,58,60,49,57,47,52,52
Fresno St,MWC,9-4,+9,50,>>,49,32,45,53,49,68,61,55,31,51,46,61,61,48,59,31,60,54,61,64,35,33,60,26,40,55,51,44,48,49,47,--,43,49,62,47,62,35,54,59,49,59,38,49,52,58,49,68,61,36,--,34,39,33,56,63,52,47,36,49,53,--,50,12,53,39,63,59,53,37,51,42,49,54,48,--,48,37,73,50,42,51,30,34,45,57,57,62,60,43,49,55,49,54,50,62,29,53,48,60,39,62
James Madison,SBC,8-3,-1,51,>>,60,34,51,42,71,52,51,59,41,55,55,66,42,52,36,41,61,45,68,72,34,32,24,37,56,43,38,24,62,58,40,--,42,51,65,35,65,39,61,50,60,62,46,57,63,64,58,73,49,43,--,58,50,34,65,56,48,48,49,45,52,--,34,30,29,37,45,55,54,30,40,40,33,50,51,--,61,36,57,35,39,32,41,51,50,60,50,57,98,57,51,52,35,50,64,60,33,48,51,57,51,53
Boise St,MWC,9-4,-5,52,>>,43,33,55,55,44,62,57,52,22,50,48,47,51,40,62,44,56,49,63,65,48,35,72,29,37,51,56,23,53,53,54,--,46,75,66,46,64,33,55,58,48,63,46,60,51,55,51,61,58,40,--,35,47,39,60,61,51,50,59,54,55,--,52,28,56,47,64,65,60,38,58,54,53,52,42,--,51,35,61,51,41,52,46,54,57,53,52,65,48,51,46,65,52,58,51,55,31,58,44,63,45,56
Duke,ACC,8-4,-1,53,>>,57,52,40,49,64,54,59,60,64,56,61,52,60,50,38,57,62,42,58,43,56,51,44,51,59,53,52,50,61,59,58,--,45,56,59,60,55,52,47,53,50,57,66,51,56,49,56,64,59,52,--,61,52,57,58,45,56,58,57,53,54,--,56,34,62,36,51,47,56,49,43,52,40,46,61,--,60,43,55,48,56,53,45,52,52,59,61,58,65,37,57,54,55,49,54,52,63,46,36,52,58,55
Air Force,MWC,9-3,+1,54,>>,58,35,58,56,52,64,62,49,46,53,60,48,34,45,63,40,58,47,71,73,64,41,56,36,51,57,61,21,60,56,61,--,51,44,71,54,69,28,50,57,52,66,52,59,58,53,53,65,65,47,--,47,38,45,70,59,55,59,62,64,63,--,49,24,54,44,60,67,67,29,64,53,51,51,49,--,67,31,80,55,50,54,35,53,43,54,59,70,39,49,50,62,60,55,52,59,46,61,45,64,54,58
Wisconsin,B10,6-6,-1,55,>>,68,74,57,63,23,47,27,40,63,54,69,67,33,54,57,69,35,60,52,63,59,71,41,67,71,48,57,25,66,25,68,--,67,58,56,58,58,71,53,43,36,54,24,43,61,52,57,45,29,69,--,73,40,75,68,53,58,68,72,70,64,--,55,57,28,69,31,54,66,60,38,37,44,59,31,--,53,63,58,62,71,57,54,36,69,40,25,50,36,47,52,59,58,37,60,28,74,70,52,46,63,26
Auburn,SEC,5-7,,56,>>,46,72,59,62,41,51,46,36,62,48,49,58,55,56,65,63,43,62,50,42,63,69,64,58,54,58,58,92,42,44,57,--,63,47,45,50,41,64,59,54,44,44,42,45,42,48,47,46,51,58,--,53,59,61,38,51,54,53,55,55,51,--,63,71,48,74,48,52,52,63,49,44,64,60,32,--,55,79,53,58,61,67,62,43,77,48,46,49,62,59,45,53,59,41,48,44,65,57,61,48,61,47
SMU,AAC,7-5,-4,57,>>,63,49,64,50,59,46,55,63,45,59,52,60,47,60,45,66,55,50,51,55,41,50,58,43,55,54,49,52,58,62,50,--,60,70,54,53,56,51,51,55,59,58,57,63,55,54,60,50,53,50,--,45,57,48,58,48,53,55,52,56,57,--,54,44,59,42,49,53,49,54,52,67,56,61,56,--,52,58,41,57,51,48,47,57,72,55,48,48,57,65,61,50,50,51,58,61,45,51,54,51,53,61
Marshall,SBC,8-4,,58,>>,56,43,50,54,62,65,67,64,53,63,53,56,66,64,58,45,66,63,69,70,37,39,59,33,48,64,54,29,59,75,46,--,36,48,68,51,67,36,63,61,67,65,66,66,67,67,65,55,64,39,--,39,67,37,63,66,57,49,47,40,59,--,45,35,63,46,69,61,59,61,66,72,57,53,63,--,58,50,63,53,47,49,48,58,51,67,68,64,78,58,53,60,53,67,57,70,39,47,58,66,44,66
Houston,AAC,7-5,+1,59,>>,65,51,69,57,50,44,54,62,52,60,59,50,58,63,55,54,59,59,57,56,66,53,75,64,53,56,55,74,63,57,55,--,58,65,61,59,60,58,57,56,66,61,57,61,60,62,63,48,54,62,--,52,28,55,65,57,59,60,56,58,60,--,57,39,57,58,56,57,55,68,59,58,60,69,54,--,56,53,54,60,59,59,64,71,47,52,55,55,55,69,60,61,56,57,62,51,53,54,59,58,57,60
Coastal Car,SBC,9-3,-3,60,>>,36,26,61,61,82,59,88,72,32,67,43,40,80,58,80,37,70,70,56,76,54,25,83,25,47,67,60,69,55,96,37,--,35,39,64,57,70,29,69,72,90,67,91,76,64,70,62,75,87,30,--,28,64,27,57,82,60,36,42,33,45,--,59,70,76,68,90,70,50,36,90,102,83,39,85,--,62,49,64,54,30,56,73,78,34,82,87,53,70,61,58,49,57,82,55,90,30,50,56,68,49,77
BYU,FBSI,7-5,,61,>>,54,53,65,64,56,67,63,67,59,62,56,57,69,57,67,53,57,64,59,61,70,52,76,55,52,62,66,71,56,55,51,--,57,74,60,64,59,54,64,74,61,64,57,62,59,61,59,56,60,56,--,56,48,53,52,64,61,56,58,62,58,--,65,78,60,66,68,64,57,40,67,65,68,55,60,--,57,48,59,59,54,65,36,56,49,68,56,60,51,60,62,58,63,66,56,64,55,59,62,62,62,65
West Virginia,B12,5-7,+1,62,>>,61,87,66,66,58,50,52,53,77,57,62,73,63,66,56,68,46,73,48,37,96,84,51,84,62,59,59,75,57,48,64,--,66,43,50,67,51,84,66,62,46,50,46,53,57,63,52,53,50,77,--,75,72,82,52,52,66,64,61,67,56,--,60,100,51,76,54,62,58,57,62,50,66,62,57,--,50,80,52,61,74,61,60,38,61,62,60,52,64,52,59,57,61,65,63,49,89,62,67,54,65,45
Texas A&M,SEC,5-7,+1,63,>>,73,89,56,65,36,71,41,56,82,65,67,63,57,70,60,74,47,61,65,51,73,87,50,97,70,63,68,56,65,38,69,--,70,62,57,68,50,97,60,39,38,53,33,58,65,57,68,24,43,83,--,83,29,86,55,58,67,71,71,63,67,--,67,79,50,67,43,56,70,42,50,38,61,70,39,--,59,78,51,64,77,69,57,44,67,38,41,68,44,68,66,69,77,43,66,36,90,63,68,59,70,49
Iowa St,B12,4-8,-2,64,>>,71,94,68,58,39,56,43,50,86,58,76,69,45,61,32,79,38,56,55,45,67,94,49,98,72,61,64,55,68,47,73,--,85,59,55,66,49,90,56,51,39,52,52,55,53,41,61,35,41,90,--,92,69,91,64,33,64,77,75,81,68,--,66,92,40,60,30,50,62,71,45,55,38,79,41,--,63,99,78,65,86,68,65,55,68,51,42,63,49,72,64,72,66,42,61,42,91,65,70,56,71,41
Michigan St,B10,5-7,+1,65,>>,67,75,62,69,47,57,49,57,66,64,66,70,62,68,70,62,48,75,54,68,72,75,57,61,63,60,63,97,64,40,67,--,75,61,58,61,61,81,68,66,53,60,52,56,66,65,64,49,48,75,--,71,71,69,61,65,62,67,70,71,62,--,68,84,44,77,53,66,65,77,57,47,62,68,58,--,65,77,62,68,69,63,69,49,66,61,58,56,41,63,63,56,62,60,68,47,69,73,60,55,68,46
East Carolina,AAC,7-5,+1,66,>>,70,57,63,60,72,58,65,70,55,68,63,55,64,62,61,65,68,57,67,60,36,60,68,48,60,66,62,51,70,65,60,--,61,60,63,63,63,60,62,68,69,68,70,67,69,60,70,59,66,59,--,60,51,63,70,62,65,63,66,69,66,--,62,55,68,59,62,60,63,59,68,81,63,64,76,--,64,59,56,63,62,60,59,68,102,65,65,59,61,73,70,66,64,64,70,65,64,60,63,61,64,68
WKU,CUSA,8-5,+1,67,>>,66,58,84,67,57,70,60,66,48,66,75,64,53,59,68,55,69,67,74,84,68,58,53,69,73,65,67,46,72,66,72,--,76,73,74,62,75,50,65,65,71,73,46,64,73,71,67,77,63,63,--,62,74,60,76,70,63,70,67,61,72,--,61,63,65,63,65,85,73,56,61,64,65,75,62,--,78,56,72,66,64,64,74,80,76,75,63,73,58,67,67,73,65,62,69,53,58,78,74,71,59,57
Memphis,AAC,6-6,+1,68,>>,89,78,73,59,69,63,58,65,75,72,79,62,54,67,50,84,65,53,77,67,53,76,71,70,74,69,65,54,81,64,76,--,81,76,72,65,68,85,58,49,58,70,46,69,70,59,73,54,55,72,--,74,62,79,79,60,70,76,79,86,78,--,64,66,70,48,57,58,72,82,56,60,58,84,53,--,70,69,67,67,78,62,71,74,71,64,62,72,69,92,71,76,67,59,73,56,76,67,73,65,67,64
Ohio,MAC,9-4,-4,69,>>,62,45,75,68,92,61,91,78,50,70,65,68,85,65,73,50,79,65,70,78,58,47,80,54,69,68,69,73,69,86,70,--,62,68,76,70,79,40,67,87,74,75,80,72,72,72,69,98,85,60,--,70,87,51,73,72,69,61,64,52,71,--,71,21,90,61,83,71,64,80,74,78,72,56,71,--,71,54,71,70,57,66,68,76,63,81,92,67,79,56,68,67,69,76,67,92,47,71,66,72,60,83
Arizona,P12,5-7,,70,>>,52,84,60,78,73,66,73,61,72,61,64,75,65,69,84,77,71,78,62,50,78,81,79,88,68,74,71,111,51,68,65,--,65,63,53,72,57,78,71,77,64,55,74,65,54,66,55,84,79,74,--,77,73,77,49,67,68,65,63,68,70,--,73,96,66,93,67,69,68,70,69,57,75,66,74,--,66,90,50,69,66,80,76,65,104,63,71,66,73,66,56,70,70,70,59,73,82,68,65,69,75,70
Vanderbilt,SEC,5-7,,71,>>,55,81,67,75,83,69,92,69,67,69,58,78,82,78,77,70,77,77,60,47,76,78,78,72,78,71,73,107,54,91,66,--,64,52,52,76,53,74,72,84,88,56,97,68,62,68,66,90,93,70,--,64,96,70,42,69,71,62,60,57,61,--,81,95,81,79,73,63,61,74,79,90,81,63,82,--,68,93,65,74,63,79,93,59,101,66,85,61,67,64,69,63,73,73,65,96,80,64,76,67,84,82
Liberty,FBSI,8-4,,72,>>,69,59,72,73,85,74,80,81,74,75,72,46,83,71,76,67,82,69,75,75,71,57,98,73,67,73,74,62,75,77,62,--,59,67,75,81,74,59,70,73,91,76,83,84,71,73,75,66,82,67,--,67,68,64,72,77,74,69,68,65,69,--,75,77,78,70,85,68,71,72,81,112,76,67,91,--,76,55,74,71,65,70,88,99,46,86,78,74,63,71,75,68,71,80,72,83,70,66,72,74,69,80
Toledo,MAC,8-5,+11,73,>>,80,61,87,72,86,80,77,83,65,76,78,65,90,72,71,56,89,76,89,96,60,63,74,53,76,75,75,63,82,82,85,--,74,89,94,75,93,61,75,80,76,86,80,77,82,80,79,81,76,73,--,69,63,65,88,81,75,75,69,72,83,--,74,37,86,65,78,75,80,76,82,86,73,76,79,--,73,60,69,77,72,71,80,88,64,77,76,92,68,77,74,83,72,79,78,79,57,75,87,81,66,86
Louisiana,SBC,6-6,,74,>>,78,79,101,71,76,83,75,75,76,74,86,79,72,75,66,90,86,66,91,87,57,74,69,79,80,79,72,72,80,81,77,--,80,79,85,71,81,67,73,64,72,80,62,73,77,74,74,72,73,76,--,79,90,73,83,73,78,82,77,76,81,--,70,41,69,64,75,76,85,79,71,69,70,93,69,--,82,76,81,78,80,77,72,64,59,88,79,90,76,81,77,97,82,78,76,75,67,77,80,82,72,75
San Jose St,MWC,7-4,,75,>>,74,62,77,77,79,88,82,74,70,77,77,74,75,73,85,80,88,68,82,83,69,64,91,59,66,72,82,57,77,92,78,--,72,66,83,80,83,63,78,82,86,81,83,80,76,78,77,99,90,64,--,66,75,66,81,83,72,73,73,74,76,--,78,50,85,73,89,78,79,67,77,88,74,73,81,--,88,64,99,76,68,73,91,90,62,70,75,86,66,78,72,77,78,72,74,88,61,74,64,78,82,87
San Diego St,MWC,7-5,+1,76,>>,76,68,76,80,74,82,89,82,69,79,71,86,89,76,91,78,76,81,80,81,79,66,95,50,64,77,80,83,73,85,74,--,68,71,79,73,84,70,81,83,79,83,74,83,78,87,78,93,91,66,--,68,76,67,77,88,76,74,74,73,75,--,79,46,83,82,92,83,76,64,93,74,89,74,73,--,79,66,101,73,70,75,75,72,54,76,84,75,86,74,80,74,75,85,79,89,16,76,71,79,78,88
Appalachian St,SBC,6-6,-4,77,>>,95,88,79,70,65,91,66,76,83,85,87,71,71,80,64,85,78,74,93,85,75,80,63,89,77,76,70,58,97,71,75,--,77,78,82,69,78,86,76,67,75,77,62,85,85,82,96,58,62,71,--,63,65,81,85,75,80,84,84,80,82,--,69,88,61,71,70,77,86,94,72,80,67,83,68,--,74,75,76,72,84,72,82,94,70,72,66,89,91,98,87,91,68,69,89,67,77,72,81,80,73,71
Georgia Tech,ACC,5-7,-2,78,>>,64,80,47,84,88,72,87,85,92,73,68,80,103,83,93,76,73,97,66,58,86,77,82,83,75,82,76,104,67,83,63,--,71,87,67,82,71,76,92,103,81,72,83,75,74,85,72,79,88,65,--,72,88,72,61,84,77,66,65,66,65,--,89,98,93,97,93,74,69,83,85,82,96,65,94,--,69,94,77,75,67,85,83,89,83,85,91,71,96,62,76,64,79,93,75,80,83,69,69,75,83,79
California,P12,4-8,-1,79,>>,72,102,81,83,68,79,72,68,98,71,84,89,70,74,79,96,72,82,78,53,83,96,86,101,82,84,85,89,71,72,88,--,90,80,69,84,66,98,79,76,65,69,74,70,68,69,71,69,74,92,--,97,84,94,65,68,79,89,90,93,85,--,83,104,67,89,66,72,90,91,73,68,77,85,75,--,89,107,70,81,91,93,105,62,97,69,72,83,75,79,73,85,84,75,71,72,98,80,75,77,88,69
UAB,CUSA,6-6,-1,80,>>,87,86,91,74,87,84,69,79,78,80,94,72,74,77,69,75,87,71,95,94,62,85,65,80,89,80,77,70,91,73,86,--,89,90,93,74,86,82,74,69,82,87,70,71,84,76,80,76,70,84,--,88,70,85,97,78,85,91,89,94,92,--,72,51,79,62,77,82,94,75,80,75,71,97,80,--,87,73,85,86,85,74,79,83,58,73,69,93,74,91,82,89,74,77,80,66,88,84,97,89,77,72
Indiana,B10,4-8,,81,>>,79,93,78,86,78,73,79,71,89,78,83,84,77,82,94,83,67,92,64,82,82,93,85,93,87,78,83,120,74,70,84,--,92,94,70,88,73,91,82,91,83,71,80,78,75,77,76,80,77,89,--,89,92,88,74,76,82,86,86,82,74,--,87,105,73,99,72,79,81,78,76,76,86,77,78,--,72,108,66,90,90,87,97,75,111,78,77,69,85,80,79,71,83,71,77,82,92,85,78,73,87,74
Navy,AAC,4-7,,82,>>,96,85,88,90,67,75,74,86,94,82,80,90,67,89,74,110,75,72,83,74,89,100,73,91,84,70,87,68,90,79,106,--,98,88,81,87,80,95,83,92,73,84,70,81,86,79,85,74,72,95,--,84,118,96,92,71,73,92,95,90,97,--,86,81,80,85,74,87,75,88,65,62,69,88,66,--,90,91,89,84,98,84,66,63,100,79,73,79,80,104,91,84,89,68,94,78,84,86,85,70,98,85
North Texas,CUSA,7-6,-3,83,>>,84,76,94,79,94,81,86,84,73,83,90,81,86,79,75,89,98,80,84,93,81,72,88,76,86,87,81,88,87,94,91,--,88,100,90,83,90,72,77,78,99,88,88,82,87,83,84,94,89,79,--,76,79,76,94,87,86,85,83,75,87,--,80,54,105,72,84,103,88,103,84,85,78,91,93,--,81,74,87,87,76,78,87,84,91,89,90,78,83,88,81,81,81,87,81,77,72,98,94,85,74,91
Wyoming,MWC,7-5,+1,84,>>,75,65,83,87,96,90,102,90,68,87,73,83,95,84,102,72,85,87,76,86,91,67,106,57,65,85,88,90,76,106,79,--,69,85,80,85,87,65,89,100,98,85,91,94,83,95,83,109,105,68,--,65,115,68,77,97,81,72,76,78,73,--,90,82,95,88,102,92,77,65,102,94,102,71,96,--,80,72,104,82,73,88,67,92,79,90,102,76,71,83,83,75,86,99,83,102,71,82,77,88,85,101
Nebraska,B10,4-8,-2,85,>>,98,107,80,88,61,76,70,73,108,86,99,95,73,85,82,97,64,83,73,80,90,109,61,111,100,81,90,98,89,54,101,--,103,114,78,98,77,103,80,70,62,78,56,74,80,75,82,63,69,103,--,107,66,108,89,74,93,103,108,101,90,--,93,90,75,92,71,73,95,93,70,45,79,92,67,--,84,101,86,96,105,90,78,46,110,74,70,77,77,76,86,90,92,74,85,68,109,95,83,76,102,67
Miami FL,ACC,5-7,,86,>>,88,92,70,85,77,96,71,88,88,95,85,87,96,93,86,94,74,93,79,66,85,89,90,87,90,91,84,82,83,69,82,--,87,86,77,86,76,92,88,75,78,79,83,89,81,90,89,71,71,85,--,94,53,89,75,89,91,83,85,91,79,--,85,102,74,90,91,81,89,89,98,96,95,81,90,--,83,86,95,83,89,89,94,98,81,71,74,91,84,75,92,82,85,94,92,71,94,83,79,84,90,76
Southern Miss,SBC,6-6,+1,87,>>,85,77,82,81,104,93,97,92,71,88,81,77,93,87,83,71,95,90,88,102,84,73,70,75,79,97,78,93,86,104,71,--,73,64,87,77,88,75,86,81,97,89,102,87,95,91,87,88,96,78,--,78,98,71,82,95,88,78,78,79,77,--,76,74,109,78,94,90,83,87,95,83,94,94,102,--,75,83,84,79,81,81,81,82,107,103,99,87,100,86,99,93,80,96,84,94,73,81,82,94,76,97
Ga Southern,SBC,6-6,-1,88,>>,91,82,96,82,105,85,93,91,84,91,88,76,84,86,78,86,92,86,86,98,87,79,66,85,81,83,79,76,94,95,80,--,82,77,88,79,89,83,87,88,94,90,88,90,93,94,91,95,84,86,--,80,83,80,89,90,87,87,81,89,86,--,77,85,91,80,87,95,84,84,87,84,85,82,92,--,77,84,79,80,88,76,86,77,82,98,95,80,88,100,89,88,76,84,95,91,81,79,90,87,81,92
Army,FBSI,5-6,,89,>>,100,95,71,76,81,100,78,94,103,92,98,110,78,88,72,87,91,79,110,89,88,90,67,92,93,94,86,67,100,74,83,--,91,102,101,78,94,87,84,71,77,96,74,86,97,84,94,85,78,80,--,95,93,90,101,86,94,95,97,97,94,--,82,60,72,75,81,88,101,81,75,73,82,98,70,--,96,70,105,91,94,82,70,60,80,97,82,105,89,90,84,102,87,81,98,76,95,89,89,101,91,84
E Michigan,MAC,8-4,+3,90,>>,82,70,99,92,99,78,109,99,85,93,93,88,106,81,104,64,97,89,90,101,108,68,97,81,85,90,95,80,84,102,89,--,78,93,98,94,103,66,93,90,93,100,97,98,92,96,88,101,107,88,--,82,91,74,95,103,95,80,80,87,93,--,96,62,102,86,108,98,87,66,100,99,90,72,98,--,93,57,88,85,75,83,63,81,74,106,108,81,97,70,85,78,101,103,86,105,86,90,99,92,80,103
Stanford,P12,3-9,-1,91,>>,81,109,85,95,75,87,81,77,93,81,91,98,87,96,92,102,83,100,81,62,92,107,104,103,88,96,93,106,78,76,87,--,95,81,73,90,72,108,96,93,80,74,91,88,79,86,81,78,80,98,--,99,89,102,68,79,89,94,93,92,91,--,97,119,87,107,80,89,92,102,92,89,92,95,86,--,85,114,82,88,97,99,112,100,108,84,83,88,93,97,96,87,91,89,82,81,97,88,86,83,96,81
Tulsa,AAC,5-7,,92,>>,97,97,100,97,80,77,83,87,95,90,100,102,79,90,87,101,84,95,87,95,103,97,84,94,96,89,92,81,95,89,93,--,97,98,92,97,91,94,85,86,85,92,74,91,96,88,92,83,86,96,--,101,86,97,100,85,98,97,96,96,96,--,84,89,82,95,79,94,98,86,86,79,98,90,83,--,91,92,83,94,95,92,96,79,78,80,81,84,87,106,94,94,93,91,97,84,100,91,93,86,94,89
Arizona St,P12,3-9,-2,93,>>,90,113,89,98,66,95,76,80,104,84,102,96,76,95,89,109,81,102,98,71,93,111,89,109,97,95,96,105,88,63,97,--,100,109,89,92,82,112,98,85,68,82,70,79,89,81,86,70,75,108,--,110,82,110,79,80,96,100,98,102,102,--,95,120,77,101,76,80,100,98,83,66,87,104,77,--,86,113,68,93,107,98,110,86,94,83,80,99,82,87,78,107,98,88,87,74,108,92,91,96,101,73
MTSU,CUSA,7-5,,94,>>,86,73,92,89,109,86,101,95,81,96,92,94,97,92,96,73,94,91,92,104,94,70,93,74,91,92,89,77,92,112,90,--,83,83,96,91,98,73,91,89,109,97,91,99,94,98,95,107,101,81,--,81,94,78,95,98,97,88,82,88,88,--,88,65,96,84,97,105,91,85,105,97,100,78,103,--,94,71,96,89,79,86,84,102,87,99,106,85,99,82,93,79,88,107,90,95,79,101,106,97,86,96
Utah St,MWC,6-6,,95,>>,77,67,97,102,91,99,106,100,79,97,74,82,100,98,118,82,93,85,85,90,113,86,118,77,83,88,104,116,79,97,111,--,86,82,91,99,96,79,99,108,101,94,91,102,91,100,90,108,111,87,--,90,101,87,84,104,83,79,92,83,89,--,103,87,99,108,111,107,78,69,106,100,101,80,99,--,102,82,102,92,82,108,85,87,75,91,101,94,72,89,88,92,103,106,88,107,75,102,88,93,99,104
Buffalo,MAC,6-6,,96,>>,92,71,108,99,103,94,99,97,90,94,82,85,91,91,95,88,105,84,100,100,77,88,96,86,95,86,100,78,96,100,116,--,94,92,99,95,102,80,95,98,100,98,107,97,90,99,97,100,100,93,--,96,110,99,99,94,84,93,91,84,105,--,98,73,100,87,95,97,82,99,94,101,80,99,88,--,105,85,91,95,92,96,113,110,86,94,97,100,81,99,101,103,96,90,91,101,66,94,100,91,89,100
Kent,MAC,5-7,+1,97,>>,93,91,103,94,98,97,96,93,91,89,95,106,94,97,90,92,106,98,102,99,80,91,87,82,98,98,91,85,99,98,95,--,93,106,104,89,105,89,101,106,95,102,97,96,99,97,93,91,95,94,--,93,97,92,103,96,92,96,94,98,100,--,91,72,92,91,100,93,97,100,89,95,88,102,97,--,95,98,75,98,93,91,104,106,89,93,96,104,102,96,90,99,90,97,96,97,87,97,103,99,79,99
Georgia St,SBC,4-8,-1,98,>>,108,104,90,91,84,103,85,96,107,102,101,92,81,101,81,112,102,88,109,97,74,108,77,102,99,93,94,84,108,78,98,--,112,96,102,96,95,107,94,79,87,99,74,93,100,93,103,86,81,110,--,104,78,105,104,92,99,105,105,110,103,--,92,64,88,81,86,91,102,107,78,77,84,109,84,--,101,103,90,99,109,94,95,85,96,96,88,107,94,112,103,112,99,83,105,87,105,96,101,100,100,94
Virginia,ACC,3-7,,99,>>,101,110,98,101,89,98,84,98,99,100,103,111,102,99,98,113,90,108,97,77,98,110,100,110,106,103,101,103,98,84,92,--,102,105,86,102,85,106,100,96,84,91,91,92,88,92,99,82,83,107,--,109,77,111,86,91,104,104,103,99,99,--,107,118,84,103,88,84,103,104,97,92,93,96,95,--,99,102,121,101,102,102,106,91,112,87,86,97,92,93,102,96,100,95,101,85,113,93,84,98,115,78
Connecticut,FBSI,6-6,+1,100,>>,94,83,86,93,122,102,121,102,87,103,89,93,118,103,99,81,109,94,94,91,101,82,116,78,92,104,97,101,93,114,81,--,79,91,95,100,97,88,97,113,115,95,117,106,103,102,102,123,120,82,--,87,119,84,87,105,100,90,87,85,80,--,99,80,114,94,114,96,93,95,112,110,109,86,114,--,97,87,110,97,87,100,77,101,85,111,122,96,115,84,100,86,94,112,99,120,85,87,96,105,92,114
FL Atlantic,CUSA,5-7,-1,101,>>,104,100,104,96,97,101,90,89,97,98,106,97,88,94,88,105,101,96,104,107,95,99,81,95,105,102,98,79,105,101,103,--,109,115,103,93,101,93,90,94,92,101,88,95,102,89,100,96,94,99,--,102,81,103,106,93,103,107,104,106,109,--,94,99,98,83,82,104,106,115,88,91,91,111,89,--,100,95,97,103,101,95,101,109,115,100,93,102,108,107,98,105,95,92,100,86,93,109,104,103,95,93
Rutgers,B10,4-8,,102,>>,102,105,93,100,95,92,98,101,101,104,97,104,120,102,100,91,80,104,72,88,102,102,101,100,103,100,99,118,101,90,96,--,99,84,84,106,92,110,102,95,105,93,107,100,98,101,101,105,97,97,--,100,95,101,92,101,102,99,99,95,84,--,100,122,97,111,98,86,96,96,107,105,106,89,106,--,98,109,93,102,99,97,117,93,109,92,98,82,101,95,107,80,97,98,104,100,107,104,92,90,107,90
Bowling Green,MAC,6-6,,103,>>,83,64,107,106,118,89,119,103,80,101,70,91,119,100,120,93,112,99,96,103,99,83,120,71,94,101,103,117,85,115,113,--,84,69,97,101,104,77,105,122,117,103,123,107,101,105,98,119,117,91,--,86,113,83,91,114,90,81,88,77,95,--,102,103,121,110,120,106,74,90,117,121,113,87,124,--,103,89,92,100,83,109,92,105,93,110,116,95,103,85,95,95,102,111,93,122,78,103,107,95,93,113
Miami OH,MAC,6-6,,104,>>,107,90,111,104,107,104,108,113,96,112,96,107,107,104,110,99,103,103,101,112,106,92,102,99,101,99,102,94,104,99,102,--,96,104,107,108,110,100,106,104,103,107,97,109,108,115,106,104,104,101,--,85,105,93,106,113,101,98,101,103,106,--,101,76,103,102,105,101,99,108,103,103,107,101,101,--,104,81,113,104,96,101,99,103,92,104,105,101,90,102,114,101,104,102,108,111,96,99,105,104,97,108
Boston College,ACC,3-9,+1,105,>>,111,114,74,109,100,107,100,114,111,108,108,108,113,112,101,106,99,113,99,92,117,114,109,117,108,109,105,121,107,93,99,--,111,107,100,109,99,115,113,115,104,104,97,105,113,108,109,92,99,109,--,108,102,112,97,102,106,110,109,100,101,--,114,121,94,118,103,99,107,106,101,104,112,103,104,--,92,115,94,106,111,112,108,96,99,102,100,103,109,101,121,100,109,101,112,99,116,100,95,106,113,102
Virginia Tech,ACC,3-8,-1,106,>>,113,119,95,110,93,113,94,110,116,110,112,113,105,110,97,116,100,114,107,79,119,116,92,123,114,107,110,100,112,87,104,--,113,103,105,114,100,119,108,97,89,105,83,101,109,103,111,87,92,114,--,120,85,116,105,100,113,113,112,114,110,--,112,115,89,105,96,100,112,112,96,93,104,108,100,--,108,104,118,110,116,103,100,97,84,101,94,114,105,105,108,109,112,100,113,93,120,107,98,108,118,95
UNLV,MWC,5-7,,107,>>,109,103,102,103,101,115,105,112,109,106,107,100,98,105,108,108,107,101,106,106,97,103,114,108,102,106,114,87,110,113,107,--,107,97,110,104,106,105,103,102,108,111,111,108,106,104,112,114,109,102,--,105,109,106,111,106,105,109,110,105,107,--,106,101,104,96,106,108,108,97,111,111,99,105,111,--,112,105,111,105,108,107,121,113,123,95,103,109,95,115,110,108,107,105,110,106,102,108,102,107,108,106
Ball St,MAC,5-7,,108,>>,110,101,112,107,106,112,112,108,106,99,109,105,116,107,105,98,110,107,114,116,100,98,108,90,107,108,106,99,111,110,105,--,105,108,113,105,114,101,109,114,106,112,107,112,111,111,110,110,108,104,--,91,107,98,113,110,107,108,106,109,112,--,108,93,108,100,112,102,110,109,108,108,108,100,105,--,107,100,108,112,104,105,107,114,103,113,112,112,111,109,97,114,105,109,109,116,99,105,116,113,104,111
Rice,CUSA,5-7,,109,>>,103,96,110,105,117,105,118,107,100,105,104,99,112,106,111,104,111,106,105,108,104,95,117,96,110,114,109,114,106,126,100,--,101,95,106,107,107,99,104,116,119,106,120,113,107,107,107,116,119,100,--,98,124,95,109,112,111,101,100,104,104,--,104,111,124,98,110,112,104,101,122,119,120,107,125,--,111,106,103,107,100,114,119,121,119,122,118,98,120,111,105,98,106,120,102,117,101,111,120,109,103,112
W Michigan,MAC,5-7,,110,>>,105,99,115,114,110,109,113,109,105,113,105,114,123,109,121,103,104,118,103,111,111,101,110,107,111,112,112,95,103,103,108,--,108,119,108,110,112,96,111,120,102,109,102,110,105,112,104,113,110,106,--,115,106,104,108,117,112,106,102,108,114,--,115,97,110,115,116,119,105,92,114,107,121,114,107,--,106,97,122,115,103,119,89,95,60,107,114,108,110,103,104,113,111,118,106,113,103,110,112,115,109,107
UTEP,CUSA,5-7,,111,>>,112,98,113,111,115,108,110,106,110,109,111,101,104,108,115,107,113,105,115,110,116,104,103,116,109,111,108,96,113,108,109,--,110,110,114,111,113,104,107,99,112,113,107,103,112,110,113,111,112,111,--,106,108,107,112,109,109,111,111,113,111,--,109,86,111,104,109,116,111,118,110,98,111,112,112,--,109,96,112,111,110,113,103,116,106,108,111,111,114,110,109,111,108,117,111,109,104,114,114,111,105,110
ULM,SBC,4-8,,112,>>,106,106,109,108,119,111,117,105,102,107,110,112,108,111,106,100,115,115,111,113,114,106,107,106,104,113,107,119,109,117,94,--,106,99,111,103,111,102,115,117,120,110,111,111,110,116,108,120,118,105,--,103,121,100,110,115,110,102,107,107,98,--,105,110,120,114,113,109,109,105,116,113,114,110,118,--,110,112,107,109,106,115,111,107,88,121,119,106,116,113,113,106,110,116,107,118,106,106,109,114,106,115
Old Dominion,SBC,3-9,,113,>>,119,116,114,115,108,118,103,118,120,117,113,103,101,117,103,120,108,111,113,114,107,117,94,115,115,110,111,109,117,109,115,--,117,113,112,113,108,118,116,109,111,114,105,114,115,117,119,103,102,120,--,117,103,115,114,108,114,117,113,119,116,--,116,113,106,112,99,118,115,110,99,109,103,115,113,--,113,116,115,114,117,106,118,119,105,105,104,113,106,121,119,117,113,108,120,104,111,112,110,110,114,105
C Michigan,MAC,4-8,,114,>>,115,112,121,116,102,117,104,115,112,114,116,118,111,113,117,111,114,119,119,120,112,112,115,105,112,115,116,102,116,105,117,--,115,121,117,112,120,111,117,112,107,115,105,116,116,114,115,102,103,115,--,111,104,114,118,116,115,115,114,117,117,--,113,106,107,113,118,110,116,111,113,120,110,118,108,--,114,110,106,116,115,116,120,112,90,114,107,119,104,114,111,119,116,110,114,108,112,113,122,117,111,109
Northwestern,B10,1-11,,115,>>,121,125,118,120,90,106,95,111,126,115,120,119,114,114,114,124,96,110,112,117,120,128,112,119,120,105,120,126,121,88,128,--,126,125,116,118,115,128,120,110,96,117,102,104,117,106,114,89,98,125,--,123,99,128,119,99,108,123,129,118,121,--,123,125,101,123,101,113,114,130,91,87,97,119,87,--,117,128,120,118,126,110,124,111,127,109,89,115,107,116,117,116,122,86,119,98,124,121,111,102,123,98
New Mexico St,FBSI,6-6,+2,116,>>,117,108,106,112,126,116,122,124,117,116,118,116,125,116,113,95,120,109,118,115,115,105,123,124,117,118,113,91,115,123,110,--,104,111,119,117,119,109,110,111,118,122,111,115,121,119,116,125,121,112,--,113,127,109,117,120,119,112,117,115,108,--,110,75,115,106,123,111,119,114,123,117,116,106,119,--,119,88,116,108,112,104,90,115,98,115,127,117,124,94,120,104,115,125,118,121,115,115,108,116,110,125
Texas St,SBC,4-8,-1,117,>>,118,115,119,113,120,120,116,117,115,119,117,109,110,115,109,114,118,116,117,119,118,113,99,114,116,117,115,86,118,120,112,--,114,116,115,115,116,113,114,101,125,116,120,117,118,118,118,112,116,113,--,114,100,113,116,119,118,114,115,116,115,--,111,108,117,109,115,117,117,117,115,116,115,116,117,--,115,111,123,113,114,120,123,122,113,119,117,116,121,117,112,115,114,114,117,114,114,116,115,118,112,117
Colorado,P12,1-11,-1,118,>>,99,122,105,121,116,110,124,104,113,111,114,117,121,121,124,115,117,126,108,105,109,121,127,112,113,124,121,131,102,119,114,--,116,122,109,120,109,123,124,124,121,108,127,122,104,109,105,121,123,121,--,112,125,117,101,118,116,116,116,111,113,--,122,126,116,129,117,115,113,113,127,126,126,113,122,--,116,130,98,119,113,124,128,120,128,112,124,110,119,108,106,110,120,126,103,125,119,118,117,119,120,119
Temple,AAC,3-9,,119,>>,125,127,117,118,123,114,111,122,124,122,127,125,99,118,107,123,119,112,120,109,121,123,113,122,122,116,118,110,124,118,121,--,122,129,122,122,117,124,112,105,110,120,115,121,119,113,120,115,115,123,--,126,117,126,123,107,121,124,125,121,123,--,119,114,122,116,107,120,122,116,104,106,105,120,109,--,120,118,124,120,122,117,109,108,126,124,113,118,128,126,125,118,119,104,123,110,126,119,113,112,122,121
Colorado St,MWC,3-9,,120,>>,114,111,122,124,114,122,123,120,114,118,115,123,127,120,126,117,116,117,116,124,124,120,124,104,118,119,125,130,114,116,127,--,121,117,118,121,118,114,121,126,114,119,117,119,114,122,117,127,124,116,--,119,112,121,115,125,117,118,121,112,120,--,128,107,119,126,126,124,118,122,121,115,123,117,115,--,125,122,127,121,119,126,102,104,114,118,120,123,117,118,116,121,123,122,115,124,110,124,119,121,127,123
Arkansas St,SBC,3-9,,121,>>,123,121,116,117,121,124,114,121,119,121,126,115,109,119,112,118,121,120,126,128,105,119,111,113,119,122,117,113,125,124,118,--,118,126,123,116,122,120,119,107,122,124,126,120,122,120,122,117,114,119,--,121,114,120,125,123,120,122,122,123,118,--,117,116,118,117,119,114,123,119,120,122,119,121,120,--,118,123,114,117,121,111,127,126,120,120,115,122,122,125,115,122,117,115,121,112,117,117,121,123,116,116
Louisiana Tech,CUSA,3-9,,122,>>,116,120,120,119,125,121,120,119,118,120,122,121,117,122,119,121,124,122,125,123,110,118,121,120,121,126,119,122,119,125,119,--,120,120,121,119,121,116,118,121,123,118,124,118,120,121,121,118,122,117,--,116,122,119,121,121,122,120,119,120,119,--,118,112,123,119,122,122,124,126,124,123,122,124,127,--,122,119,109,123,118,122,122,128,121,116,121,124,123,120,118,123,118,123,116,115,118,120,127,126,117,120
South Florida,AAC,1-11,,123,>>,130,130,126,122,112,119,107,116,129,123,130,127,92,124,116,130,125,127,130,118,123,130,105,129,125,121,123,128,127,107,122,--,127,130,130,123,124,130,123,119,113,121,111,123,123,123,123,97,106,129,--,128,111,129,130,111,123,129,130,129,126,--,120,129,113,122,104,121,130,127,109,114,117,125,110,--,124,129,100,122,127,118,125,117,130,129,109,125,118,128,124,125,124,113,125,103,130,122,123,122,121,118
N Illinois,MAC,3-9,,124,>>,126,126,125,123,111,125,115,123,128,124,125,120,115,123,122,125,123,121,128,125,126,125,119,130,124,120,122,108,126,111,123,--,123,127,125,124,125,125,122,123,116,125,115,126,128,125,126,106,113,126,--,127,120,124,127,122,124,126,123,128,128,--,121,123,112,120,121,123,125,123,118,125,125,126,116,--,121,117,119,124,125,121,126,125,118,117,110,126,112,123,123,126,121,119,126,119,128,123,128,120,119,122
Charlotte,CUSA,3-9,,125,>>,120,117,124,128,127,123,127,125,122,125,119,124,122,128,128,126,127,124,122,122,130,124,126,125,127,125,124,124,120,128,129,--,125,101,120,129,123,121,126,118,128,123,128,125,124,128,124,124,127,127,--,124,116,125,120,127,125,121,120,124,125,--,124,124,129,128,127,128,120,125,126,128,127,123,128,--,123,120,117,126,123,128,98,123,117,126,128,120,126,119,126,124,125,129,122,127,122,129,129,124,125,126
Hawaii,MWC,3-10,,126,>>,124,124,123,125,124,128,129,126,123,127,123,122,128,126,125,122,126,125,123,126,125,122,129,118,123,128,126,125,122,127,125,--,124,124,126,127,126,122,125,128,127,126,117,128,125,126,125,128,129,122,--,122,129,122,123,128,127,125,124,122,124,--,126,109,127,124,129,126,127,124,128,124,128,127,123,--,126,124,125,127,124,129,115,118,122,127,129,127,125,122,127,128,127,127,124,129,123,125,118,128,126,128
Akron,MAC,2-10,,127,>>,127,129,130,126,128,126,126,127,127,126,129,130,124,125,123,127,130,128,129,130,122,127,122,126,130,127,127,115,128,121,126,--,129,128,128,125,129,126,128,127,126,127,124,124,126,124,127,126,125,130,--,129,123,123,128,124,128,130,126,130,130,--,125,117,126,121,124,125,128,121,119,118,118,129,126,--,127,125,126,130,129,123,116,124,116,125,125,129,129,127,122,130,128,121,128,126,129,126,130,127,128,127
Nevada,MWC,2-10,,128,>>,128,123,128,129,113,129,125,128,130,128,124,126,126,129,127,129,122,123,127,127,127,129,125,128,126,123,130,112,129,122,131,--,130,112,127,128,127,127,129,125,124,129,120,127,127,127,128,122,126,128,--,130,126,130,126,126,126,127,127,126,129,--,129,128,125,127,125,127,126,120,125,127,124,130,121,--,128,126,128,125,130,127,129,127,124,123,123,128,113,130,128,127,130,124,129,123,125,127,124,125,129,124
Florida Intl,CUSA,4-8,,129,>>,122,118,127,127,131,127,131,130,121,130,121,128,129,130,130,119,129,129,121,121,129,115,131,121,129,130,128,129,123,131,120,--,119,118,124,130,128,117,127,129,130,128,131,130,129,130,130,131,131,118,--,118,128,118,122,130,130,119,118,125,122,--,127,127,130,125,130,130,121,128,131,131,130,122,130,--,129,121,129,129,120,131,114,130,125,130,131,121,130,124,129,120,126,131,127,131,121,130,126,129,124,130
New Mexico,MWC,2-10,,130,>>,129,128,129,130,129,130,128,129,125,129,128,129,130,127,129,128,128,130,124,129,128,126,128,127,128,129,129,123,130,129,124,--,128,123,129,126,130,129,130,130,129,130,129,129,130,129,129,129,128,124,--,125,131,127,128,129,129,128,128,127,127,--,130,131,128,130,128,129,129,129,129,129,129,128,129,--,130,127,130,128,128,125,131,129,129,128,126,130,127,129,130,129,129,128,130,128,127,128,125,130,130,129
Massachusetts,FBSI,1-11,,131,>>,131,131,131,131,130,131,130,131,131,131,131,131,131,131,131,131,131,131,131,131,131,131,130,131,131,131,131,127,131,130,130,--,131,131,131,131,131,131,131,131,131,131,130,131,131,131,131,130,130,131,--,131,130,131,131,131,131,131,131,131,131,--,131,130,131,131,131,131,131,131,130,130,131,131,131,--,131,131,131,131,131,130,130,131,131,131,130,131,131,131,131,131,131,130,131,130,131,131,131,131,131,131
